PLAYER,TEAM,SEASON,SIDE,TABLE,STAT,DEPTH,PARENT,PATH,LEVEL_1,LEVEL_2,LEVEL_3,POSS,%TIME,%TIME RANK,3 FG%,3FG ATT,PPS RANK,PPS RATING,PTS,PPS,FG ATT,FG MADE,FG MISS,FG%,EFG%,SSQ,SSM,TS%,TSA,FTA/FGA,+1%,SCORE%,2 FG ATT,2 FG MADE,2 FG MISS,2 FG%,3 FG MADE,3 FG MISS,3PA/FGA
,Ottawa Blackjacks,2024-2025,offense,Shot types,All Field Goal Attempts,1,,All Field Goal Attempts,All Field Goal Attempts,,,1564,100.0,,36.5,575,100.0,Excellent,1705,1.07,1564,731,833,46.7,53.5,,,53.9,1581.6,0.03,2.6,46.7,989,521,468,52.7,210,365,0.37
,Ottawa Blackjacks,2024-2025,offense,Shot types,Jump Shot,1,,Jump Shot,Jump Shot,,,789,50.4,33.0,36.5,575,56.0,Good,794,1.0,789,289,500,36.6,49.9,,,50.1,791.6,0.01,0.8,36.6,214,79,135,36.9,210,365,0.73
,Ottawa Blackjacks,2024-2025,offense,Shot types,Catch and Shoot,2,Jump Shot,Jump Shot > Catch and Shoot,Jump Shot,Catch and Shoot,,440,55.8,56.0,36.2,414,67.0,Very Good,485,1.08,436,161,275,36.9,54.1,,,54.8,442.6,0.03,0.7,37.5,22,11,11,50.0,150,264,0.95
,Ottawa Blackjacks,2024-2025,offense,Shot types,Guarded,3,Catch and Shoot,Jump Shot > Catch and Shoot > Guarded,Jump Shot,Catch and Shoot,Guarded,229,52.0,11.0,34.3,207,78.0,Very Good,242,1.02,225,79,146,35.1,50.9,,,52.2,231.6,0.07,1.3,36.2,18,8,10,44.4,71,136,0.92
,Ottawa Blackjacks,2024-2025,offense,Shot types,Unguarded,3,Catch and Shoot,Jump Shot > Catch and Shoot > Unguarded,Jump Shot,Catch and Shoot,Unguarded,211,48.0,89.0,38.2,207,56.0,Good,243,1.15,211,82,129,38.9,57.6,,,57.6,211.0,0.0,0.0,38.9,4,3,1,75.0,79,128,0.98
,Ottawa Blackjacks,2024-2025,offense,Shot types,Dribble Jumper,2,Jump Shot,Jump Shot > Dribble Jumper,Jump Shot,Dribble Jumper,,316,40.1,44.0,37.1,159,78.0,Very Good,294,0.92,316,116,200,36.7,46.0,,,46.3,317.3,0.01,0.9,36.7,157,57,100,36.3,59,100,0.5
,Ottawa Blackjacks,2024-2025,offense,Shot types,Early Jumper,2,Jump Shot,Jump Shot > Early Jumper,Jump Shot,Early Jumper,,21,2.7,67.0,26.7,15,22.0,Below Average,14,0.67,21,5,16,23.8,33.3,,,33.3,21.0,0.0,0.0,23.8,6,1,5,16.7,4,11,0.71
,Ottawa Blackjacks,2024-2025,offense,Shot types,Runner,1,,Runner,Runner,,,97,6.2,67.0,,0,78.0,Very Good,84,0.85,97,41,56,42.3,42.3,,,42.7,98.3,0.03,3.1,42.3,97,41,56,42.3,0,0,0.0
,Ottawa Blackjacks,2024-2025,offense,Shot types,Hook,1,,Hook,Hook,,,13,0.8,11.0,,0,11.0,Poor,8,0.62,13,4,9,30.8,30.8,,,30.8,13.0,0.0,0.0,30.8,13,4,9,30.8,0,0,0.0
,Ottawa Blackjacks,2024-2025,offense,Shot types,At Rim,1,,At Rim,At Rim,,,665,42.5,89.0,,0,78.0,Very Good,819,1.19,665,397,268,59.7,59.7,,,60.3,678.6,0.05,4.7,59.7,665,397,268,59.7,0,0,0.0
,Ottawa Blackjacks,2024-2025,offense,Shot types,Layup,2,At Rim,At Rim > Layup,At Rim,Layup,,553,83.2,22.0,,0,22.0,Below Average,631,1.1,553,304,249,55.0,55.0,,,55.8,565.3,0.05,5.1,55.0,553,304,249,55.0,0,0,0.0
,Ottawa Blackjacks,2024-2025,offense,Shot types,Dunk,2,At Rim,At Rim > Dunk,At Rim,Dunk,,95,14.3,100.0,,0,78.0,Very Good,174,1.81,95,86,9,90.5,90.5,,,90.3,96.3,0.03,3.2,90.5,95,86,9,90.5,0,0,0.0
,Ottawa Blackjacks,2024-2025,offense,Shot types,Tip,2,At Rim,At Rim > Tip,At Rim,Tip,,17,2.6,22.0,,0,44.0,Average,14,0.82,17,7,10,41.2,41.2,,,41.2,17.0,0.0,0.0,41.2,17,7,10,41.2,0,0,0.0
,Ottawa Blackjacks,2024-2025,offense,Shot distances,Short to 17,1,,Short to 17,Short to 17,,,110,13.9,33.0,,0,56.0,Good,82,0.75,110,41,69,37.3,37.3,,,37.3,110.0,0.0,0.0,37.3,110,41,69,37.3,0,0,0.0
,Ottawa Blackjacks,2024-2025,offense,Shot distances,Medium 17 to < 3 Pts,1,,Medium 17 to < 3 Pts,Medium 17 to < 3 Pts,,,104,13.2,100.0,,0,67.0,Very Good,78,0.73,104,38,66,36.5,36.5,,,37.2,104.9,0.02,1.9,36.5,104,38,66,36.5,0,0,0.0
,Ottawa Blackjacks,2024-2025,offense,Shot distances,Long 3 pts,1,,Long 3 pts,Long 3 pts,,,575,72.9,11.0,36.5,575,89.0,Excellent,634,1.1,575,210,365,36.5,54.8,,,55.0,576.8,0.01,0.7,36.5,0,0,0,,210,365,1.0
,Ottawa Blackjacks,2024-2025,offense,Shot quality,"Low, SSQ < 20th Percentile",1,,"Low, SSQ < 20th Percentile","Low, SSQ < 20th Percentile",,,,,,,,,,,,,,,,,,,,,,,,,,,,,,
,Ottawa Blackjacks,2024-2025,offense,Shot quality,"Medium, SSQ 20-80th Percentile",1,,"Medium, SSQ 20-80th Percentile","Medium, SSQ 20-80th Percentile",,,,,,,,,,,,,,,,,,,,,,,,,,,,,,
,Ottawa Blackjacks,2024-2025,offense,Shot quality,"High, SSQ > 80th Percentile",1,,"High, SSQ > 80th Percentile","High, SSQ > 80th Percentile",,,,,,,,,,,,,,,,,,,,,,,,,,,,,,
