PLAYER,TEAM,SEASON,SIDE,TABLE,STAT,DEPTH,PARENT,PATH,LEVEL_1,LEVEL_2,LEVEL_3,POSS,3FG ATT,3 FG%,FG%,%TIME,%TIME RANK,PPS RATING,PTS,FG ATT,PPS,FG MADE,FG MISS,EFG%,PPS RANK,SSQ,SSM,TS%,TSA,FTA/FGA,SCORE%,2 FG ATT,2 FG MADE,2 FG MISS,2 FG%,3 FG MADE,3 FG MISS,3PA/FGA,+1%
Abdullah Shittu,Montreal Alliance,2025-2026,offense,Shot types,All Field Goal Attempts,1,,All Field Goal Attempts,All Field Goal Attempts,,,17,1,0.0,35.3,100.0,,Poor,12,17,0.71,6,11,35.3,8.0,,,35.3,17.0,0.0,35.3,16,6,10,37.5,0,1,0.06,0.0
Abdullah Shittu,Montreal Alliance,2025-2026,offense,Shot types,Jump Shot,1,,Jump Shot,Jump Shot,,,7,1,0.0,14.3,41.2,,,2,7,0.29,1,6,14.3,,,,14.3,7.0,0.0,14.3,6,1,5,16.7,0,1,0.14,0.0
Abdullah Shittu,Montreal Alliance,2025-2026,offense,Shot types,Catch and Shoot,2,Jump Shot,Jump Shot > Catch and Shoot,Jump Shot,Catch and Shoot,,1,1,0.0,0.0,14.3,,,0,1,0.0,0,1,0.0,,,,0.0,1.0,0.0,0.0,0,0,0,,0,1,1.0,0.0
Abdullah Shittu,Montreal Alliance,2025-2026,offense,Shot types,Guarded,3,Catch and Shoot,Jump Shot > Catch and Shoot > Guarded,Jump Shot,Catch and Shoot,Guarded,0,0,,,0.0,,,0,0,,0,0,,,,,,0.0,,,0,0,0,,0,0,,
Abdullah Shittu,Montreal Alliance,2025-2026,offense,Shot types,Unguarded,3,Catch and Shoot,Jump Shot > Catch and Shoot > Unguarded,Jump Shot,Catch and Shoot,Unguarded,1,1,0.0,0.0,100.0,,,0,1,0.0,0,1,0.0,,,,0.0,1.0,0.0,0.0,0,0,0,,0,1,1.0,0.0
Abdullah Shittu,Montreal Alliance,2025-2026,offense,Shot types,Dribble Jumper,2,Jump Shot,Jump Shot > Dribble Jumper,Jump Shot,Dribble Jumper,,1,0,,0.0,14.3,,,0,1,0.0,0,1,0.0,,,,0.0,1.0,0.0,0.0,1,0,1,0.0,0,0,0.0,0.0
Abdullah Shittu,Montreal Alliance,2025-2026,offense,Shot types,Early Jumper,2,Jump Shot,Jump Shot > Early Jumper,Jump Shot,Early Jumper,,0,0,,,0.0,,,0,0,,0,0,,,,,,0.0,,,0,0,0,,0,0,,
Abdullah Shittu,Montreal Alliance,2025-2026,offense,Shot types,Runner,1,,Runner,Runner,,,0,0,,,0.0,,,0,0,,0,0,,,,,,0.0,,,0,0,0,,0,0,,
Abdullah Shittu,Montreal Alliance,2025-2026,offense,Shot types,Hook,1,,Hook,Hook,,,0,0,,,0.0,,,0,0,,0,0,,,,,,0.0,,,0,0,0,,0,0,,
Abdullah Shittu,Montreal Alliance,2025-2026,offense,Shot types,At Rim,1,,At Rim,At Rim,,,10,0,,50.0,58.8,78.0,Below Average,10,10,1.0,5,5,50.0,26.0,,,50.0,10.0,0.0,50.0,10,5,5,50.0,0,0,0.0,0.0
Abdullah Shittu,Montreal Alliance,2025-2026,offense,Shot types,Layup,2,At Rim,At Rim > Layup,At Rim,Layup,,6,0,,33.3,60.0,,,4,6,0.67,2,4,33.3,,,,33.3,6.0,0.0,33.3,6,2,4,33.3,0,0,0.0,0.0
Abdullah Shittu,Montreal Alliance,2025-2026,offense,Shot types,Dunk,2,At Rim,At Rim > Dunk,At Rim,Dunk,,2,0,,100.0,20.0,,,4,2,2.0,2,0,100.0,,,,100.0,2.0,0.0,100.0,2,2,0,100.0,0,0,0.0,0.0
Abdullah Shittu,Montreal Alliance,2025-2026,offense,Shot types,Tip,2,At Rim,At Rim > Tip,At Rim,Tip,,2,0,,50.0,20.0,,,2,2,1.0,1,1,50.0,,,,50.0,2.0,0.0,50.0,2,1,1,50.0,0,0,0.0,0.0
Abdullah Shittu,Montreal Alliance,2025-2026,offense,Shot distances,Short to 17,1,,Short to 17,Short to 17,,,5,0,,20.0,71.4,,,2,5,0.4,1,4,20.0,,,,20.0,5.0,0.0,20.0,5,1,4,20.0,0,0,0.0,0.0
Abdullah Shittu,Montreal Alliance,2025-2026,offense,Shot distances,Medium 17 to < 3 Pts,1,,Medium 17 to < 3 Pts,Medium 17 to < 3 Pts,,,1,0,,0.0,14.3,,,0,1,0.0,0,1,0.0,,,,0.0,1.0,0.0,0.0,1,0,1,0.0,0,0,0.0,0.0
Abdullah Shittu,Montreal Alliance,2025-2026,offense,Shot distances,Long 3 pts,1,,Long 3 pts,Long 3 pts,,,1,1,0.0,0.0,14.3,,,0,1,0.0,0,1,0.0,,,,0.0,1.0,0.0,0.0,0,0,0,,0,1,1.0,0.0
Abdullah Shittu,Montreal Alliance,2025-2026,offense,Shot quality,"Low, SSQ < 20th Percentile",1,,"Low, SSQ < 20th Percentile","Low, SSQ < 20th Percentile",,,,,,,,,,,,,,,,,,,,,,,,,,,,,,
Abdullah Shittu,Montreal Alliance,2025-2026,offense,Shot quality,"Medium, SSQ 20-80th Percentile",1,,"Medium, SSQ 20-80th Percentile","Medium, SSQ 20-80th Percentile",,,,,,,,,,,,,,,,,,,,,,,,,,,,,,
Abdullah Shittu,Montreal Alliance,2025-2026,offense,Shot quality,"High, SSQ > 80th Percentile",1,,"High, SSQ > 80th Percentile","High, SSQ > 80th Percentile",,,,,,,,,,,,,,,,,,,,,,,,,,,,,,
