PLAYER,TEAM,SEASON,SIDE,TABLE,STAT,DEPTH,PARENT,PATH,LEVEL_1,LEVEL_2,LEVEL_3,LEVEL_4,LEVEL_5,POSS,%TIME,PPP,TS%,TO%,%FT,3FG ATT,3 FG%,PPP RATING,PPP RANK,FG%,%TIME RANK,FG ATT,EFG%,%SF,SSQ,PPS,FG MADE,FG MISS,SSM,TSA,FTA/FGA,SCORE%,2 FG ATT,2 FG MADE,2 FG MISS,2 FG%,3 FG MADE,3 FG MISS,3PA/FGA,PTS
David Walker,Ottawa Blackjacks,2025-2026,defense,Play types,P&R Ball Handler,1,,P&R Ball Handler,P&R Ball Handler,,,,,2,40.0,0.0,0.0,50.0,0.0,0,,,,0.0,,1,0.0,0.0,,,0,1,,1.0,0.0,0.0,1,0,1,0.0,0,0,0.0,0
David Walker,Ottawa Blackjacks,2025-2026,defense,Play types,P&R Ball Handler - Overall,2,P&R Ball Handler,P&R Ball Handler > P&R Ball Handler - Overall,P&R Ball Handler,P&R Ball Handler - Overall,,,,2,100.0,0.0,0.0,50.0,0.0,0,,,,0.0,,1,0.0,0.0,,,0,1,,1.0,0.0,0.0,1,0,1,0.0,0,0,0.0,0
David Walker,Ottawa Blackjacks,2025-2026,defense,Play types,High P&R,2,P&R Ball Handler,P&R Ball Handler > High P&R,P&R Ball Handler,High P&R,,,,1,50.0,0.0,0.0,0.0,0.0,0,,,,0.0,,1,0.0,0.0,,,0,1,,1.0,0.0,0.0,1,0,1,0.0,0,0,0.0,0
David Walker,Ottawa Blackjacks,2025-2026,defense,Play types,Dribble Off Pick,3,High P&R,P&R Ball Handler > High P&R > Dribble Off Pick,P&R Ball Handler,High P&R,Dribble Off Pick,,,1,100.0,0.0,0.0,0.0,0.0,0,,,,0.0,,1,0.0,0.0,,,0,1,,1.0,0.0,0.0,1,0,1,0.0,0,0,0.0,0
David Walker,Ottawa Blackjacks,2025-2026,defense,Play types,To Basket,4,Dribble Off Pick,P&R Ball Handler > High P&R > Dribble Off Pick > To Basket,P&R Ball Handler,High P&R,Dribble Off Pick,To Basket,,1,100.0,0.0,0.0,0.0,0.0,0,,,,0.0,,1,0.0,0.0,,,0,1,,1.0,0.0,0.0,1,0,1,0.0,0,0,0.0,0
David Walker,Ottawa Blackjacks,2025-2026,defense,Play types,Miss 2 Pts,5,To Basket,P&R Ball Handler > High P&R > Dribble Off Pick > To Basket > Miss 2 Pts,P&R Ball Handler,High P&R,Dribble Off Pick,To Basket,Miss 2 Pts,1,100.0,0.0,0.0,0.0,0.0,0,,,,0.0,,1,0.0,0.0,,,0,1,,1.0,0.0,0.0,1,0,1,0.0,0,0,0.0,0
David Walker,Ottawa Blackjacks,2025-2026,defense,Play types,Right P&R,2,P&R Ball Handler,P&R Ball Handler > Right P&R,P&R Ball Handler,Right P&R,,,,1,50.0,0.0,,100.0,0.0,0,,,,,,0,,0.0,,,0,0,,0.0,,0.0,0,0,0,,0,0,,0
David Walker,Ottawa Blackjacks,2025-2026,defense,Play types,Baseline,3,Right P&R,P&R Ball Handler > Right P&R > Baseline,P&R Ball Handler,Right P&R,Baseline,,,1,100.0,0.0,,100.0,0.0,0,,,,,,0,,0.0,,,0,0,,0.0,,0.0,0,0,0,,0,0,,0
David Walker,Ottawa Blackjacks,2025-2026,defense,Play types,Dribble Off Pick,4,Baseline,P&R Ball Handler > Right P&R > Baseline > Dribble Off Pick,P&R Ball Handler,Right P&R,Baseline,Dribble Off Pick,,1,100.0,0.0,,100.0,0.0,0,,,,,,0,,0.0,,,0,0,,0.0,,0.0,0,0,0,,0,0,,0
David Walker,Ottawa Blackjacks,2025-2026,defense,Play types,Defense Commits,5,Dribble Off Pick,P&R Ball Handler > Right P&R > Baseline > Dribble Off Pick > Defense Commits,P&R Ball Handler,Right P&R,Baseline,Dribble Off Pick,Defense Commits,1,100.0,0.0,,100.0,0.0,0,,,,,,0,,0.0,,,0,0,,0.0,,0.0,0,0,0,,0,0,,0
David Walker,Ottawa Blackjacks,2025-2026,defense,Play types,Handoffs,1,,Handoffs,Handoffs,,,,,2,40.0,0.0,0.0,0.0,0.0,0,,,,0.0,,2,0.0,0.0,,,0,2,,2.0,0.0,0.0,2,0,2,0.0,0,0,0.0,0
David Walker,Ottawa Blackjacks,2025-2026,defense,Play types,From Stationary,2,Handoffs,Handoffs > From Stationary,Handoffs,From Stationary,,,,2,100.0,0.0,0.0,0.0,0.0,0,,,,0.0,,2,0.0,0.0,,,0,2,,2.0,0.0,0.0,2,0,2,0.0,0,0,0.0,0
David Walker,Ottawa Blackjacks,2025-2026,defense,Play types,Top,3,From Stationary,Handoffs > From Stationary > Top,Handoffs,From Stationary,Top,,,2,100.0,0.0,0.0,0.0,0.0,0,,,,0.0,,2,0.0,0.0,,,0,2,,2.0,0.0,0.0,2,0,2,0.0,0,0,0.0,0
David Walker,Ottawa Blackjacks,2025-2026,defense,Play types,To Basket,4,Top,Handoffs > From Stationary > Top > To Basket,Handoffs,From Stationary,Top,To Basket,,2,100.0,0.0,0.0,0.0,0.0,0,,,,0.0,,2,0.0,0.0,,,0,2,,2.0,0.0,0.0,2,0,2,0.0,0,0,0.0,0
David Walker,Ottawa Blackjacks,2025-2026,defense,Play types,Miss 2 Pts,5,To Basket,Handoffs > From Stationary > Top > To Basket > Miss 2 Pts,Handoffs,From Stationary,Top,To Basket,Miss 2 Pts,2,100.0,0.0,0.0,0.0,0.0,0,,,,0.0,,2,0.0,0.0,,,0,2,,2.0,0.0,0.0,2,0,2,0.0,0,0,0.0,0
David Walker,Ottawa Blackjacks,2025-2026,defense,Play types,Isolation,1,,Isolation,Isolation,,,,,1,20.0,4.0,138.9,0.0,100.0,1,100.0,,,100.0,,1,150.0,100.0,,,1,0,,1.4,1.0,100.0,0,0,0,,1,0,1.0,4
David Walker,Ottawa Blackjacks,2025-2026,defense,Play types,Isolation - Overall,2,Isolation,Isolation > Isolation - Overall,Isolation,Isolation - Overall,,,,1,100.0,4.0,138.9,0.0,100.0,1,100.0,,,100.0,,1,150.0,100.0,,,1,0,,1.4,1.0,100.0,0,0,0,,1,0,1.0,4
David Walker,Ottawa Blackjacks,2025-2026,defense,Play types,Early Jumper,3,Isolation - Overall,Isolation > Isolation - Overall > Early Jumper,Isolation,Isolation - Overall,Early Jumper,,,1,100.0,4.0,138.9,0.0,100.0,1,100.0,,,100.0,,1,150.0,100.0,,,1,0,,1.4,1.0,100.0,0,0,0,,1,0,1.0,4
David Walker,Ottawa Blackjacks,2025-2026,defense,Play types,Top,2,Isolation,Isolation > Top,Isolation,Top,,,,1,100.0,4.0,138.9,0.0,100.0,1,100.0,,,100.0,,1,150.0,100.0,,,1,0,,1.4,1.0,100.0,0,0,0,,1,0,1.0,4
David Walker,Ottawa Blackjacks,2025-2026,defense,Play types,Early Jumper,3,Top,Isolation > Top > Early Jumper,Isolation,Top,Early Jumper,,,1,100.0,4.0,138.9,0.0,100.0,1,100.0,,,100.0,,1,150.0,100.0,,,1,0,,1.4,1.0,100.0,0,0,0,,1,0,1.0,4
David Walker,Ottawa Blackjacks,2025-2026,defense,Play types,Dribble Jumper,4,Early Jumper,Isolation > Top > Early Jumper > Dribble Jumper,Isolation,Top,Early Jumper,Dribble Jumper,,1,100.0,4.0,138.9,0.0,100.0,1,100.0,,,100.0,,1,150.0,100.0,,,1,0,,1.4,1.0,100.0,0,0,0,,1,0,1.0,4
David Walker,Ottawa Blackjacks,2025-2026,defense,Play types,Long/3pt,5,Dribble Jumper,Isolation > Top > Early Jumper > Dribble Jumper > Long/3pt,Isolation,Top,Early Jumper,Dribble Jumper,Long/3pt,1,100.0,4.0,138.9,0.0,100.0,1,100.0,,,100.0,,1,150.0,100.0,,,1,0,,1.4,1.0,100.0,0,0,0,,1,0,1.0,4
David Walker,Ottawa Blackjacks,2025-2026,defense,Play types,Spot Up,1,,Spot Up,Spot Up,,,,,0,0.0,,,,,0,,,,,,0,,,,,0,0,,0.0,,,0,0,0,,0,0,,0
David Walker,Ottawa Blackjacks,2025-2026,defense,Play types,Transition,1,,Transition,Transition,,,,,0,0.0,,,,,0,,,,,,0,,,,,0,0,,0.0,,,0,0,0,,0,0,,0
David Walker,Ottawa Blackjacks,2025-2026,defense,Play types,P&R Roll Man,1,,P&R Roll Man,P&R Roll Man,,,,,0,0.0,,,,,0,,,,,,0,,,,,0,0,,0.0,,,0,0,0,,0,0,,0
David Walker,Ottawa Blackjacks,2025-2026,defense,Play types,Cut,1,,Cut,Cut,,,,,0,0.0,,,,,0,,,,,,0,,,,,0,0,,0.0,,,0,0,0,,0,0,,0
David Walker,Ottawa Blackjacks,2025-2026,defense,Play types,Offensive Rebounds (Put Backs),1,,Offensive Rebounds (Put Backs),Offensive Rebounds (Put Backs),,,,,0,0.0,,,,,0,,,,,,0,,,,,0,0,,0.0,,,0,0,0,,0,0,,0
David Walker,Ottawa Blackjacks,2025-2026,defense,Play types,Post-Up,1,,Post-Up,Post-Up,,,,,0,0.0,,,,,0,,,,,,0,,,,,0,0,,0.0,,,0,0,0,,0,0,,0
David Walker,Ottawa Blackjacks,2025-2026,defense,Play types,Off Screen,1,,Off Screen,Off Screen,,,,,0,0.0,,,,,0,,,,,,0,,,,,0,0,,0.0,,,0,0,0,,0,0,,0
David Walker,Ottawa Blackjacks,2025-2026,defense,Play types,Miscellaneous Plays,1,,Miscellaneous Plays,Miscellaneous Plays,,,,,0,0.0,,,,,0,,,,,,0,,,,,0,0,,0.0,,,0,0,0,,0,0,,0
David Walker,Ottawa Blackjacks,2025-2026,defense,Overall Drive Direction,Overall,1,,Overall,Overall,,,,,0,0.0,,,,,0,,,,,,0,,,,,0,0,,0.0,,,0,0,0,,0,0,,0
David Walker,Ottawa Blackjacks,2025-2026,defense,Overall Drive Direction,Drives Left,2,Overall,Overall > Drives Left,Overall,Drives Left,,,,0,0.0,,,,,0,,,,,,0,,,,,0,0,,0.0,,,0,0,0,,0,0,,0
David Walker,Ottawa Blackjacks,2025-2026,defense,Overall Drive Direction,To Basket,3,Drives Left,Overall > Drives Left > To Basket,Overall,Drives Left,To Basket,,,0,0.0,,,,,0,,,,,,0,,,,,0,0,,0.0,,,0,0,0,,0,0,,0
David Walker,Ottawa Blackjacks,2025-2026,defense,Overall Drive Direction,Turnover,3,Drives Left,Overall > Drives Left > Turnover,Overall,Drives Left,Turnover,,,0,0.0,,,,,0,,,,,,0,,,,,0,0,,0.0,,,0,0,0,,0,0,,0
David Walker,Ottawa Blackjacks,2025-2026,defense,Overall Drive Direction,Dribble Jumper,3,Drives Left,Overall > Drives Left > Dribble Jumper,Overall,Drives Left,Dribble Jumper,,,0,0.0,,,,,0,,,,,,0,,,,,0,0,,0.0,,,0,0,0,,0,0,,0
David Walker,Ottawa Blackjacks,2025-2026,defense,Overall Drive Direction,Foul,3,Drives Left,Overall > Drives Left > Foul,Overall,Drives Left,Foul,,,0,0.0,,,,,0,,,,,,0,,,,,0,0,,0.0,,,0,0,0,,0,0,,0
David Walker,Ottawa Blackjacks,2025-2026,defense,Overall Drive Direction,Defense Commits,3,Drives Left,Overall > Drives Left > Defense Commits,Overall,Drives Left,Defense Commits,,,0,0.0,,,,,0,,,,,,0,,,,,0,0,,0.0,,,0,0,0,,0,0,,0
David Walker,Ottawa Blackjacks,2025-2026,defense,Overall Drive Direction,Drives Right,2,Overall,Overall > Drives Right,Overall,Drives Right,,,,0,0.0,,,,,0,,,,,,0,,,,,0,0,,0.0,,,0,0,0,,0,0,,0
David Walker,Ottawa Blackjacks,2025-2026,defense,Overall Drive Direction,To Basket,3,Drives Right,Overall > Drives Right > To Basket,Overall,Drives Right,To Basket,,,0,0.0,,,,,0,,,,,,0,,,,,0,0,,0.0,,,0,0,0,,0,0,,0
David Walker,Ottawa Blackjacks,2025-2026,defense,Overall Drive Direction,Turnover,3,Drives Right,Overall > Drives Right > Turnover,Overall,Drives Right,Turnover,,,0,0.0,,,,,0,,,,,,0,,,,,0,0,,0.0,,,0,0,0,,0,0,,0
David Walker,Ottawa Blackjacks,2025-2026,defense,Overall Drive Direction,Dribble Jumper,3,Drives Right,Overall > Drives Right > Dribble Jumper,Overall,Drives Right,Dribble Jumper,,,0,0.0,,,,,0,,,,,,0,,,,,0,0,,0.0,,,0,0,0,,0,0,,0
David Walker,Ottawa Blackjacks,2025-2026,defense,Overall Drive Direction,Foul,3,Drives Right,Overall > Drives Right > Foul,Overall,Drives Right,Foul,,,0,0.0,,,,,0,,,,,,0,,,,,0,0,,0.0,,,0,0,0,,0,0,,0
David Walker,Ottawa Blackjacks,2025-2026,defense,Overall Drive Direction,Defense Commits,3,Drives Right,Overall > Drives Right > Defense Commits,Overall,Drives Right,Defense Commits,,,0,0.0,,,,,0,,,,,,0,,,,,0,0,,0.0,,,0,0,0,,0,0,,0
David Walker,Ottawa Blackjacks,2025-2026,defense,Overall Drive Direction,Drives Straight,2,Overall,Overall > Drives Straight,Overall,Drives Straight,,,,0,0.0,,,,,0,,,,,,0,,,,,0,0,,0.0,,,0,0,0,,0,0,,0
David Walker,Ottawa Blackjacks,2025-2026,defense,Overall Drive Direction,To Basket,3,Drives Straight,Overall > Drives Straight > To Basket,Overall,Drives Straight,To Basket,,,0,0.0,,,,,0,,,,,,0,,,,,0,0,,0.0,,,0,0,0,,0,0,,0
David Walker,Ottawa Blackjacks,2025-2026,defense,Overall Drive Direction,Turnover,3,Drives Straight,Overall > Drives Straight > Turnover,Overall,Drives Straight,Turnover,,,0,0.0,,,,,0,,,,,,0,,,,,0,0,,0.0,,,0,0,0,,0,0,,0
David Walker,Ottawa Blackjacks,2025-2026,defense,Overall Drive Direction,Dribble Jumper,3,Drives Straight,Overall > Drives Straight > Dribble Jumper,Overall,Drives Straight,Dribble Jumper,,,0,0.0,,,,,0,,,,,,0,,,,,0,0,,0.0,,,0,0,0,,0,0,,0
David Walker,Ottawa Blackjacks,2025-2026,defense,Overall Drive Direction,Foul,3,Drives Straight,Overall > Drives Straight > Foul,Overall,Drives Straight,Foul,,,0,0.0,,,,,0,,,,,,0,,,,,0,0,,0.0,,,0,0,0,,0,0,,0
David Walker,Ottawa Blackjacks,2025-2026,defense,Overall Drive Direction,Defense Commits,3,Drives Straight,Overall > Drives Straight > Defense Commits,Overall,Drives Straight,Defense Commits,,,0,0.0,,,,,0,,,,,,0,,,,,0,0,,0.0,,,0,0,0,,0,0,,0
David Walker,Ottawa Blackjacks,2025-2026,defense,P&R ball handler,P&R Including Passes,1,,P&R Including Passes,P&R Including Passes,,,,,2,40.0,0.0,0.0,50.0,0.0,0,,,,0.0,,1,0.0,0.0,,,0,1,,1.0,0.0,0.0,1,0,1,0.0,0,0,0.0,0
David Walker,Ottawa Blackjacks,2025-2026,defense,P&R ball handler,Right P&R,2,P&R Including Passes,P&R Including Passes > Right P&R,P&R Including Passes,Right P&R,,,,1,50.0,0.0,,100.0,0.0,0,,,,,,0,,0.0,,,0,0,,0.0,,0.0,0,0,0,,0,0,,0
David Walker,Ottawa Blackjacks,2025-2026,defense,P&R ball handler,Baseline,3,Right P&R,P&R Including Passes > Right P&R > Baseline,P&R Including Passes,Right P&R,Baseline,,,1,100.0,0.0,,100.0,0.0,0,,,,,,0,,0.0,,,0,0,,0.0,,0.0,0,0,0,,0,0,,0
David Walker,Ottawa Blackjacks,2025-2026,defense,P&R ball handler,Dribble Off Pick,4,Baseline,P&R Including Passes > Right P&R > Baseline > Dribble Off Pick,P&R Including Passes,Right P&R,Baseline,Dribble Off Pick,,1,100.0,0.0,,100.0,0.0,0,,,,,,0,,0.0,,,0,0,,0.0,,0.0,0,0,0,,0,0,,0
David Walker,Ottawa Blackjacks,2025-2026,defense,P&R ball handler,Defense Commits,5,Dribble Off Pick,P&R Including Passes > Right P&R > Baseline > Dribble Off Pick > Defense Commits,P&R Including Passes,Right P&R,Baseline,Dribble Off Pick,Defense Commits,1,100.0,0.0,,100.0,0.0,0,,,,,,0,,0.0,,,0,0,,0.0,,0.0,0,0,0,,0,0,,0
David Walker,Ottawa Blackjacks,2025-2026,defense,P&R ball handler,High P&R,2,P&R Including Passes,P&R Including Passes > High P&R,P&R Including Passes,High P&R,,,,1,50.0,0.0,0.0,0.0,0.0,0,,,,0.0,,1,0.0,0.0,,,0,1,,1.0,0.0,0.0,1,0,1,0.0,0,0,0.0,0
David Walker,Ottawa Blackjacks,2025-2026,defense,P&R ball handler,Dribble Off Pick,3,High P&R,P&R Including Passes > High P&R > Dribble Off Pick,P&R Including Passes,High P&R,Dribble Off Pick,,,1,100.0,0.0,0.0,0.0,0.0,0,,,,0.0,,1,0.0,0.0,,,0,1,,1.0,0.0,0.0,1,0,1,0.0,0,0,0.0,0
David Walker,Ottawa Blackjacks,2025-2026,defense,P&R ball handler,To Basket,4,Dribble Off Pick,P&R Including Passes > High P&R > Dribble Off Pick > To Basket,P&R Including Passes,High P&R,Dribble Off Pick,To Basket,,1,100.0,0.0,0.0,0.0,0.0,0,,,,0.0,,1,0.0,0.0,,,0,1,,1.0,0.0,0.0,1,0,1,0.0,0,0,0.0,0
David Walker,Ottawa Blackjacks,2025-2026,defense,P&R ball handler,Miss 2 Pts,5,To Basket,P&R Including Passes > High P&R > Dribble Off Pick > To Basket > Miss 2 Pts,P&R Including Passes,High P&R,Dribble Off Pick,To Basket,Miss 2 Pts,1,100.0,0.0,0.0,0.0,0.0,0,,,,0.0,,1,0.0,0.0,,,0,1,,1.0,0.0,0.0,1,0,1,0.0,0,0,0.0,0
David Walker,Ottawa Blackjacks,2025-2026,defense,P&R ball handler,P&R BH - Defense Commits,1,,P&R BH - Defense Commits,P&R BH - Defense Commits,,,,,1,20.0,0.0,,100.0,0.0,0,,,,,,0,,0.0,,,0,0,,0.0,,0.0,0,0,0,,0,0,,0
David Walker,Ottawa Blackjacks,2025-2026,defense,P&R ball handler,Right P&R,2,P&R BH - Defense Commits,P&R BH - Defense Commits > Right P&R,P&R BH - Defense Commits,Right P&R,,,,1,100.0,0.0,,100.0,0.0,0,,,,,,0,,0.0,,,0,0,,0.0,,0.0,0,0,0,,0,0,,0
David Walker,Ottawa Blackjacks,2025-2026,defense,P&R ball handler,Baseline,3,Right P&R,P&R BH - Defense Commits > Right P&R > Baseline,P&R BH - Defense Commits,Right P&R,Baseline,,,1,100.0,0.0,,100.0,0.0,0,,,,,,0,,0.0,,,0,0,,0.0,,0.0,0,0,0,,0,0,,0
David Walker,Ottawa Blackjacks,2025-2026,defense,P&R ball handler,Dribble Off Pick,4,Baseline,P&R BH - Defense Commits > Right P&R > Baseline > Dribble Off Pick,P&R BH - Defense Commits,Right P&R,Baseline,Dribble Off Pick,,1,100.0,0.0,,100.0,0.0,0,,,,,,0,,0.0,,,0,0,,0.0,,0.0,0,0,0,,0,0,,0
David Walker,Ottawa Blackjacks,2025-2026,defense,P&R ball handler,Defense Commits,5,Dribble Off Pick,P&R BH - Defense Commits > Right P&R > Baseline > Dribble Off Pick > Defense Commits,P&R BH - Defense Commits,Right P&R,Baseline,Dribble Off Pick,Defense Commits,1,100.0,0.0,,100.0,0.0,0,,,,,,0,,0.0,,,0,0,,0.0,,0.0,0,0,0,,0,0,,0
David Walker,Ottawa Blackjacks,2025-2026,defense,P&R ball handler,P&R BH - Traps,1,,P&R BH - Traps,P&R BH - Traps,,,,,0,0.0,,,,,0,,,,,,0,,,,,0,0,,0.0,,,0,0,0,,0,0,,0
David Walker,Ottawa Blackjacks,2025-2026,defense,Isolation,ISO Including Passes,1,,ISO Including Passes,ISO Including Passes,,,,,1,20.0,4.0,138.9,0.0,100.0,1,100.0,,,100.0,,1,150.0,100.0,,,1,0,,1.4,1.0,100.0,0,0,0,,1,0,1.0,4
David Walker,Ottawa Blackjacks,2025-2026,defense,Isolation,Top,2,ISO Including Passes,ISO Including Passes > Top,ISO Including Passes,Top,,,,1,100.0,4.0,138.9,0.0,100.0,1,100.0,,,100.0,,1,150.0,100.0,,,1,0,,1.4,1.0,100.0,0,0,0,,1,0,1.0,4
David Walker,Ottawa Blackjacks,2025-2026,defense,Isolation,Early Jumper,3,Top,ISO Including Passes > Top > Early Jumper,ISO Including Passes,Top,Early Jumper,,,1,100.0,4.0,138.9,0.0,100.0,1,100.0,,,100.0,,1,150.0,100.0,,,1,0,,1.4,1.0,100.0,0,0,0,,1,0,1.0,4
David Walker,Ottawa Blackjacks,2025-2026,defense,Isolation,Dribble Jumper,4,Early Jumper,ISO Including Passes > Top > Early Jumper > Dribble Jumper,ISO Including Passes,Top,Early Jumper,Dribble Jumper,,1,100.0,4.0,138.9,0.0,100.0,1,100.0,,,100.0,,1,150.0,100.0,,,1,0,,1.4,1.0,100.0,0,0,0,,1,0,1.0,4
David Walker,Ottawa Blackjacks,2025-2026,defense,Isolation,Long/3pt,5,Dribble Jumper,ISO Including Passes > Top > Early Jumper > Dribble Jumper > Long/3pt,ISO Including Passes,Top,Early Jumper,Dribble Jumper,Long/3pt,1,100.0,4.0,138.9,0.0,100.0,1,100.0,,,100.0,,1,150.0,100.0,,,1,0,,1.4,1.0,100.0,0,0,0,,1,0,1.0,4
David Walker,Ottawa Blackjacks,2025-2026,defense,Isolation,ISO - Defense Commits,1,,ISO - Defense Commits,ISO - Defense Commits,,,,,0,0.0,,,,,0,,,,,,0,,,,,0,0,,0.0,,,0,0,0,,0,0,,0
David Walker,Ottawa Blackjacks,2025-2026,defense,Post up,Post-Ups Including Passes,1,,Post-Ups Including Passes,Post-Ups Including Passes,,,,,0,0.0,,,,,0,,,,,,0,,,,,0,0,,0.0,,,0,0,0,,0,0,,0
David Walker,Ottawa Blackjacks,2025-2026,defense,Post up,Post-Up - Defense Commits,1,,Post-Up - Defense Commits,Post-Up - Defense Commits,,,,,0,0.0,,,,,0,,,,,,0,,,,,0,0,,0.0,,,0,0,0,,0,0,,0
David Walker,Ottawa Blackjacks,2025-2026,defense,Post up,Post-Up - Hard Double,1,,Post-Up - Hard Double,Post-Up - Hard Double,,,,,0,0.0,,,,,0,,,,,,0,,,,,0,0,,0.0,,,0,0,0,,0,0,,0
