PLAYER,TEAM,SEASON,SIDE,TABLE,STAT,DEPTH,PARENT,PATH,LEVEL_1,POSS,%TIME,%TIME RANK,PPP,PPP RATING,FG ATT,FG%,TS%,TO%,%FT,FG MADE,PTS,PPP RANK,FG MISS,%SF,EFG%,SSQ,PPS,SSM,TSA,FTA/FGA,SCORE%,2 FG ATT,2 FG MADE,2 FG MISS,2 FG%,3FG ATT,3 FG MADE,3 FG MISS,3 FG%,3PA/FGA
,Saskatoon Mamba,2024-2025,defense,Play types,Spot Up,1,,Spot Up,Spot Up,423,22.4,67.0,1.095,Poor,393,41.2,57.2,5.0,3.8,162,463,0.0,231,3.8,56.4,,,,404.4,0.07,40.4,90,43,47,47.8,303,119,184,39.3,0.77
,Saskatoon Mamba,2024-2025,defense,Play types,Transition,1,,Transition,Transition,363,19.3,89.0,1.063,Below Average,279,51.6,61.0,13.2,12.9,144,386,22.0,135,11.8,57.5,,,,316.4,0.3,49.6,186,111,75,59.7,93,33,60,35.5,0.33
,Saskatoon Mamba,2024-2025,defense,Play types,P&R Ball Handler,1,,P&R Ball Handler,P&R Ball Handler,291,15.4,78.0,0.842,Very Good,211,38.9,50.3,16.5,12.4,82,245,67.0,129,11.0,43.6,,,,243.6,0.35,38.8,145,62,83,42.8,66,20,46,30.3,0.31
,Saskatoon Mamba,2024-2025,defense,Play types,Cut,1,,Cut,Cut,117,6.2,67.0,1.128,Excellent,89,60.7,64.3,10.3,13.7,54,132,89.0,35,12.0,60.7,,,,102.6,0.35,59.8,89,54,35,60.7,0,0,0,,0.0
,Saskatoon Mamba,2024-2025,defense,Play types,Offensive Rebounds (Put Backs),1,,Offensive Rebounds (Put Backs),Offensive Rebounds (Put Backs),110,5.8,56.0,0.945,Excellent,89,47.2,51.8,9.1,13.6,42,104,89.0,47,11.8,47.8,,,,100.4,0.29,46.4,85,41,44,48.2,4,1,3,25.0,0.04
,Saskatoon Mamba,2024-2025,defense,Play types,Isolation,1,,Isolation,Isolation,100,5.3,56.0,0.77,Very Good,74,35.1,46.7,18.0,11.0,26,77,78.0,48,9.0,40.5,,,,82.4,0.26,34.0,50,18,32,36.0,24,8,16,33.3,0.32
,Saskatoon Mamba,2024-2025,defense,Play types,Miscellaneous Plays,1,,Miscellaneous Plays,Miscellaneous Plays,98,5.2,22.0,0.51,Below Average,23,34.8,62.3,57.1,19.4,8,50,22.0,15,8.2,37.0,,,,40.2,1.7,26.5,15,7,8,46.7,8,1,7,12.5,0.35
,Saskatoon Mamba,2024-2025,defense,Play types,P&R Roll Man,1,,P&R Roll Man,P&R Roll Man,95,5.0,78.0,0.968,Very Good,74,48.6,55.0,11.6,13.7,36,92,78.0,38,11.6,52.0,,,,83.7,0.3,47.4,58,31,27,53.4,16,5,11,31.3,0.22
,Saskatoon Mamba,2024-2025,defense,Play types,Post-Up,1,,Post-Up,Post-Up,76,4.0,33.0,1.053,Poor,58,55.2,59.1,13.2,18.4,32,80,0.0,26,17.1,55.2,,,,67.7,0.38,52.6,58,32,26,55.2,0,0,0,,0.0
,Saskatoon Mamba,2024-2025,defense,Play types,Handoffs,1,,Handoffs,Handoffs,62,3.3,33.0,0.871,Average,46,41.3,53.1,17.7,9.7,19,54,44.0,27,8.1,51.1,,,,50.8,0.24,37.1,26,10,16,38.5,20,9,11,45.0,0.43
,Saskatoon Mamba,2024-2025,defense,Play types,Off Screen,1,,Off Screen,Off Screen,61,3.2,33.0,1.0,Poor,53,41.5,54.0,8.2,4.9,22,61,11.0,31,4.9,50.9,,,,56.5,0.15,41.0,21,12,9,57.1,32,10,22,31.3,0.6
,Saskatoon Mamba,2024-2025,defense,P&R ball handler,P&R Including Passes,1,,P&R Including Passes,P&R Including Passes,555,29.4,67.0,0.953,Average,438,42.9,54.4,12.6,10.3,188,529,44.0,250,9.2,50.6,,,,486.0,0.25,42.0,253,121,132,47.8,185,67,118,36.2,0.42
,Saskatoon Mamba,2024-2025,defense,P&R ball handler,P&R BH - Defense Commits,1,,P&R BH - Defense Commits,P&R BH - Defense Commits,307,16.3,33.0,0.938,Below Average,227,46.7,59.0,20.5,7.5,106,288,22.0,121,6.2,57.0,,,,244.2,0.17,39.7,108,59,49,54.6,119,47,72,39.5,0.52
,Saskatoon Mamba,2024-2025,defense,P&R ball handler,P&R BH - Traps,1,,P&R BH - Traps,P&R BH - Traps,6,0.3,,0.5,,4,25.0,33.8,33.3,16.7,1,3,,3,16.7,25.0,,,,4.4,0.25,16.7,3,1,2,33.3,1,0,1,0.0,0.25
,Saskatoon Mamba,2024-2025,defense,Isolation,ISO Including Passes,1,,ISO Including Passes,ISO Including Passes,123,6.5,44.0,0.886,Poor,96,39.6,51.8,14.6,10.6,38,109,11.0,58,8.9,46.9,,,,105.2,0.22,38.2,59,24,35,40.7,37,14,23,37.8,0.39
,Saskatoon Mamba,2024-2025,defense,Isolation,ISO - Defense Commits,1,,ISO - Defense Commits,ISO - Defense Commits,31,1.6,67.0,1.032,Poor,22,54.5,69.9,25.8,6.5,12,32,11.0,10,6.5,68.2,,,,22.9,0.09,41.9,9,6,3,66.7,13,6,7,46.2,0.59
,Saskatoon Mamba,2024-2025,defense,Post up,Post-Ups Including Passes,1,,Post-Ups Including Passes,Post-Ups Including Passes,126,6.7,67.0,1.135,Poor,101,51.5,61.2,8.7,16.7,52,143,0.0,49,15.9,57.4,,,,116.8,0.36,52.4,72,40,32,55.6,29,12,17,41.4,0.29
,Saskatoon Mamba,2024-2025,defense,Post up,Post-Up - Defense Commits,1,,Post-Up - Defense Commits,Post-Up - Defense Commits,52,2.8,100.0,1.212,Poor,43,46.5,64.1,5.8,13.5,20,63,11.0,23,13.5,60.5,,,,49.2,0.33,50.0,14,8,6,57.1,29,12,17,41.4,0.67
,Saskatoon Mamba,2024-2025,defense,Post up,Post-Up - Hard Double,1,,Post-Up - Hard Double,Post-Up - Hard Double,13,0.7,25.0,0.923,Below Average,10,30.0,51.0,7.7,15.4,3,12,25.0,7,15.4,40.0,,,,11.8,0.4,38.5,3,1,2,33.3,7,2,5,28.6,0.7
