TEAM,SEASON,PLAYER,POSS,PPP,TS%,AST,AST/TO,TO%,TO,SF,%SF,+1,GP,3 FG%,3PA/FGA,PTS,FG ATT,FG%,EFG%,2 FG ATT,2 FG%,3FG ATT,FT ATT,FT%,%FT,TOT REB,OFF REB,DEF REB,STL + BLK,PF COM,PF TKN,STL POS,SSQ,FG MISS,2 FG MISS,SSM,FTA/FGA,PPS,FG MADE,TSA,3 FG MISS,2 FG MADE,FT MADE,FT MISS,3 FG MADE,+1%,SCORE%,STL,STL/TO,BLK,BLK FGA,BLK FGA/FGA,CHG TKN,CHG COM,BLK/FOUL,GM SCORE,DBL DBL,TRI DBL,OFFENSIVE ROLE
Brampton Honey Badgers,2024-2025,Zane Waterman,295,1.003,58.8,27,0.64,14.2,42,46,15.6,6,19,36.3,0.45,296,204,43.1,51.2,113,48.7,91,108,80.6,19.7,110,32,78,20,53,81,21,,116,58,,0.53,,88,251.5,58,55,87,21,33,2.0,46.8,11,0.26,9,17,0.08,,,0.17,198.8,3,0,
Brampton Honey Badgers,2024-2025,Shamiel Stevenson,313,0.936,53.6,32,0.84,12.1,38,42,13.4,6,19,32.3,0.28,293,234,42.7,47.2,169,46.7,65,89,80.9,15.3,84,20,64,31,27,63,25,,134,90,,0.38,,100,273.2,44,79,72,17,21,1.9,44.7,18,0.47,13,21,0.09,,,0.48,196.3,0,0,
Brampton Honey Badgers,2024-2025,Lj Thorpe,253,0.85,53.2,101,1.94,20.6,52,18,7.1,6,18,29.3,0.32,215,182,44.5,49.2,124,51.6,58,46,78.3,9.9,73,10,63,23,33,48,33,,101,60,,0.25,,81,202.2,41,64,36,10,17,2.4,39.5,19,0.37,4,6,0.03,,,0.12,169.2,1,0,
Brampton Honey Badgers,2024-2025,Javonte Cooke,146,0.979,51.4,17,2.13,5.5,8,11,7.5,2,10,30.7,0.59,143,128,39.1,48.0,53,50.9,75,25,80.0,8.2,44,8,36,20,16,17,6,,78,26,,0.2,,50,139.0,52,27,20,5,23,1.4,41.1,15,1.88,5,7,0.05,,,0.31,103.8,0,0,
Brampton Honey Badgers,2024-2025,David Walker,131,0.885,49.4,10,0.71,10.7,14,16,12.2,5,16,33.3,0.29,116,102,41.2,46.1,72,44.4,30,35,62.9,15.3,44,22,22,28,22,29,7,,60,40,,0.34,,42,117.4,20,32,22,13,10,3.8,42.7,14,1.0,14,9,0.09,,,0.64,86.2,0,0,
Brampton Honey Badgers,2024-2025,Yaw Obeng Mensah,108,0.991,54.2,9,1.0,8.3,9,15,13.9,3,19,19.0,0.24,107,86,50.0,52.3,65,60.0,21,29,58.6,14.8,71,32,39,26,24,18,7,,43,26,,0.34,,43,98.8,17,39,17,12,4,2.8,49.1,16,1.78,10,4,0.05,,,0.42,104.0,1,0,
Brampton Honey Badgers,2024-2025,Prince Oduro,108,0.75,45.2,14,0.78,16.7,18,12,11.1,2,9,,0.0,81,79,44.3,44.3,79,44.3,0,24,45.8,12.0,63,25,38,20,38,19,8,,44,44,,0.3,,35,89.6,0,35,11,13,0,1.9,39.8,7,0.39,13,6,0.08,,,0.34,56.1,1,0,
Brampton Honey Badgers,2024-2025,Elijah Mitrou Long,80,0.963,54.3,16,1.78,11.3,9,3,3.8,1,5,36.1,0.54,77,67,41.8,51.5,31,48.4,36,9,88.9,6.3,15,3,12,5,12,6,4,,39,16,,0.13,,28,71.0,23,15,8,1,13,1.3,40.0,5,0.56,0,1,0.01,,,0.0,49.0,0,0,
Brampton Honey Badgers,2024-2025,Petros Melissaratos,76,0.974,72.0,23,0.96,31.6,24,5,6.6,0,17,50.0,0.3,74,47,66.0,73.4,33,72.7,14,10,50.0,6.6,56,17,39,17,36,6,9,,16,9,,0.21,,31,51.4,7,24,5,5,7,0.0,46.1,9,0.38,8,0,0.0,,,0.22,67.4,0,0,
Brampton Honey Badgers,2024-2025,Michael Okafor,65,1.092,61.8,5,0.71,10.8,7,9,13.8,1,9,33.3,0.3,71,50,52.0,57.0,35,60.0,15,17,82.4,13.8,34,17,17,12,20,11,3,,24,14,,0.34,,26,57.5,10,21,14,3,5,1.5,52.3,8,1.14,4,1,0.02,,,0.2,61.5,0,0,
Brampton Honey Badgers,2024-2025,Jabs Newby,64,0.859,51.7,16,1.45,17.2,11,4,6.3,2,12,30.8,0.28,55,47,40.4,44.7,34,44.1,13,14,92.9,12.5,10,2,8,3,15,12,10,,28,19,,0.3,,19,53.2,9,15,13,1,4,3.1,39.1,3,0.27,0,5,0.11,,,0.0,30.3,0,0,
Brampton Honey Badgers,2024-2025,Callum Baker,64,0.641,44.0,16,0.94,26.6,17,2,3.1,0,14,31.0,0.66,41,44,31.8,42.0,15,33.3,29,6,66.7,4.7,13,2,11,6,20,9,11,,30,10,,0.14,,14,46.6,20,5,4,2,9,0.0,26.6,6,0.35,0,1,0.02,,,0.0,11.9,0,0,
Brampton Honey Badgers,2024-2025,Lucas Siewert,44,0.75,43.6,3,0.5,13.6,6,1,2.3,0,9,26.9,0.7,33,37,32.4,41.9,11,45.5,26,2,100.0,2.3,18,3,15,2,9,2,0,,25,6,,0.05,,12,37.9,19,5,2,0,7,0.0,29.5,0,0.0,2,0,0.0,,,0.22,12.4,0,0,
Brampton Honey Badgers,2024-2025,Cole Syllas,31,1.065,66.3,8,1.33,19.4,6,1,3.2,0,8,41.7,0.5,33,24,54.2,64.6,12,66.7,12,2,100.0,3.2,18,4,14,8,17,2,0,,11,4,,0.08,,13,24.9,7,8,2,0,5,0.0,45.2,4,0.67,4,2,0.08,,,0.24,28.0,0,0,
Brampton Honey Badgers,2024-2025,Lincoln Rosebush,43,0.721,46.1,9,1.0,20.9,9,2,4.7,0,10,12.5,0.26,31,31,41.9,43.5,23,52.2,8,6,66.7,7.0,26,7,19,5,6,4,6,,18,11,,0.19,,13,33.6,7,12,4,2,1,0.0,34.9,2,0.22,3,2,0.06,,,0.5,23.3,0,0,
Brampton Honey Badgers,2024-2025,Brandon Mccoy,7,0.286,16.7,0,0.0,14.3,1,0,0.0,0,3,0.0,0.17,2,6,16.7,16.7,5,20.0,1,0,,0.0,4,2,2,1,3,0,0,,5,4,,0.0,,1,6.0,1,1,0,0,0,0.0,14.3,0,0.0,1,3,0.5,,,0.33,-1.3,0,0,
