SECTION,STAT,POSS,%TIME,%TIME RANK,PPP,PPP RATING,FG ATT,FG%,TS%,TO%,%FT,FG MADE,PTS,PPP RANK,FG MISS,%SF,EFG%,SSQ,PPS,SSM,TSA,FTA/FGA,SCORE%,2 FG ATT,2 FG MADE,2 FG MISS,2 FG%,3FG ATT,3 FG MADE,3 FG MISS,3 FG%,3PA/FGA
Play Types,Spot Up,519,22.0,30.0,0.898,Below Average,465,35.3,48.0,6.4,4.8,164,466,30.0,301,4.2,46.7,,,,485.2,0.1,35.1,140,58,82,41.4,325,106,219,32.6,0.7
Play Types,P&R Ball Handler,503,21.3,100.0,0.946,Excellent,371,45.0,57.1,17.3,11.3,167,476,93.0,204,10.7,52.6,,,,416.8,0.28,41.4,222,111,111,50.0,149,56,93,37.6,0.4
Play Types,Transition,399,16.9,30.0,1.06,Below Average,286,53.1,63.1,15.8,15.0,152,423,23.0,134,13.5,59.6,,,,335.3,0.39,49.4,194,115,79,59.3,92,37,55,40.2,0.32
Play Types,Offensive Rebounds (Put Backs),166,7.0,88.0,0.928,Poor,132,46.2,50.6,7.8,15.1,61,154,14.0,71,15.1,47.3,,,,152.2,0.35,48.2,128,58,70,45.3,4,3,1,75.0,0.03
Play Types,Isolation,143,6.1,67.0,0.762,Average,117,36.8,43.3,12.6,7.0,43,109,38.0,74,5.6,38.9,,,,125.8,0.17,35.7,89,38,51,42.7,28,5,23,17.9,0.24
Play Types,Cut,136,5.8,14.0,1.169,Average,115,61.7,61.4,5.1,14.0,71,159,42.0,44,13.2,61.7,,,,129.5,0.29,60.3,115,71,44,61.7,0,0,0,,0.0
Play Types,Handoffs,136,5.8,100.0,0.934,Very Good,110,39.1,52.7,11.0,8.8,43,127,78.0,67,7.4,47.7,,,,120.6,0.22,39.7,44,24,20,54.5,66,19,47,28.8,0.6
Play Types,P&R Roll Man,132,5.6,56.0,1.061,Good,104,50.0,56.7,5.3,16.7,52,140,56.0,52,16.7,54.3,,,,123.4,0.42,54.5,76,43,33,56.6,28,9,19,32.1,0.27
Play Types,Miscellaneous Plays,116,4.9,12.0,0.474,Average,30,30.0,57.2,56.9,17.2,9,55,44.0,21,4.3,33.3,,,,48.0,1.37,25.0,16,7,9,43.8,14,2,12,14.3,0.47
Play Types,Off Screen,72,3.1,41.0,0.792,Poor,60,31.7,44.6,11.1,6.9,19,57,12.0,41,6.9,40.8,,,,64.0,0.15,31.9,22,8,14,36.4,38,11,27,28.9,0.63
Play Types,Post-Up,37,1.6,2.0,0.703,Below Average,30,36.7,38.8,8.1,10.8,11,26,17.0,19,10.8,36.7,,,,33.5,0.27,37.8,30,11,19,36.7,0,0,0,,0.0
P&R Ball Handler,P&R Including Passes,914,38.7,88.0,0.967,Very Good,712,44.7,55.7,13.0,10.9,318,884,67.0,394,10.3,52.6,,,,793.8,0.26,43.1,395,205,190,51.9,317,113,204,35.6,0.45
P&R Ball Handler,P&R BH - Defense Commits,476,20.2,70.0,0.859,Average,341,44.3,54.1,20.2,9.2,151,409,37.0,190,8.4,52.6,,,,378.0,0.25,39.3,173,94,79,54.3,168,57,111,33.9,0.49
P&R Ball Handler,P&R BH - Traps,13,0.6,88.0,1.154,Excellent,9,66.7,79.4,30.8,7.7,6,15,88.0,3,7.7,77.8,,,,9.4,0.11,46.2,5,4,1,80.0,4,2,2,50.0,0.44
Isolation,ISO Including Passes,174,7.4,65.0,0.793,Average,146,37.0,44.3,10.9,6.3,54,138,40.0,92,5.2,40.8,,,,155.7,0.15,36.2,100,43,57,43.0,46,11,35,23.9,0.32
Isolation,ISO - Defense Commits,45,1.9,61.0,0.644,Average,29,37.9,48.5,33.3,2.2,11,29,35.0,18,2.2,48.3,,,,29.9,0.07,26.7,11,5,6,45.5,18,6,12,33.3,0.62
Post-Up,Post-Ups Including Passes,45,1.9,5.0,0.711,Below Average,38,34.2,38.5,6.7,8.9,13,32,21.0,25,8.9,36.8,,,,41.5,0.21,35.6,33,11,22,33.3,5,2,3,40.0,0.13
Post-Up,Post-Up - Defense Commits,9,0.4,,0.667,,8,25.0,37.5,11.1,0.0,2,6,,6,0.0,37.5,,,,8.0,0.0,22.2,3,0,3,0.0,5,2,3,40.0,0.63
Post-Up,Post-Up - Hard Double,2,0.1,,1.5,,1,100.0,150.0,50.0,0.0,1,3,,0,0.0,150.0,,,,1.0,0.0,50.0,0,0,0,,1,1,0,100.0,1.0
